ML Model Name,Accuracy,AUC,Precision,Recall,F1,MCC
Logistic Regression,0.8109333333333333,0.7347522279940215,0.720292504570384,0.23749246534056662,0.357207615593835,0.337274155369003
Decision Tree,0.7324,0.6199584343759413,0.39976958525345624,0.41832429174201324,0.4088365243004418,0.23611024483148826
KNN,0.8150666666666667,0.7500391374023643,0.6581395348837209,0.3411693791440627,0.4493846764589123,0.37886195435789094
Naive Bayes,0.5970666666666666,0.7434242198241341,0.32512188863228125,0.7637130801687764,0.4560835133189345,0.26039615664748755
Random Forest,0.8266666666666667,0.799572538040678,0.7056128293241696,0.37130801687763715,0.48657187993680884,0.42360272031091106
XGBoost,0.8277333333333333,0.7989847288281102,0.7041156840934372,0.38155515370705245,0.4949179046129789,0.4293789576292151
